-- Complete SQLite3-compatible schema for e-commerce database
-- Each table contains exactly 50 records

-- Table structure for table `customers`
DROP TABLE IF EXISTS customers;
CREATE TABLE customers (
  customer_id INTEGER PRIMARY KEY AUTOINCREMENT,
  first_name VARCHAR(50) NOT NULL,
  last_name VARCHAR(50) NOT NULL,
  email VARCHAR(100) NOT NULL UNIQUE,
  phone VARCHAR(20),
  address VARCHAR(255),
  created_at TEXT DEFAULT CURRENT_TIMESTAMP,
  updated_at TEXT DEFAULT CURRENT_TIMESTAMP
);

-- Insert 50 records into `customers`
INSERT INTO customers (customer_id, first_name, last_name, email, phone, address, created_at, updated_at) VALUES
(1, 'First1', 'Last1', 'user1@example.com', '9999900001', 'Address 1', '2025-07-23 16:24:19', '2025-07-23 16:24:19'),
(2, 'First2', 'Last2', 'user2@example.com', '9999900002', 'Address 2', '2025-07-23 16:24:19', '2025-07-23 16:24:19'),
(3, 'First3', 'Last3', 'user3@example.com', '9999900003', 'Address 3', '2025-07-23 16:24:19', '2025-07-23 16:24:19'),
(4, 'First4', 'Last4', 'user4@example.com', '9999900004', 'Address 4', '2025-07-23 16:24:19', '2025-07-23 16:24:19'),
(5, 'First5', 'Last5', 'user5@example.com', '9999900005', 'Address 5', '2025-07-23 16:24:19', '2025-07-23 16:24:19'),
(6, 'First6', 'Last6', 'user6@example.com', '9999900006', 'Address 6', '2025-07-23 16:24:19', '2025-07-23 16:24:19'),
(7, 'First7', 'Last7', 'user7@example.com', '9999900007', 'Address 7', '2025-07-23 16:24:19', '2025-07-23 16:24:19'),
(8, 'First8', 'Last8', 'user8@example.com', '9999900008', 'Address 8', '2025-07-23 16:24:19', '2025-07-23 16:24:19'),
(9, 'First9', 'Last9', 'user9@example.com', '9999900009', 'Address 9', '2025-07-23 16:24:19', '2025-07-23 16:24:19'),
(10, 'First10', 'Last10', 'user10@example.com', '9999900010', 'Address 10', '2025-07-23 16:24:19', '2025-07-23 16:24:19'),
(11, 'First11', 'Last11', 'user11@example.com', '9999900011', 'Address 11', '2025-07-23 16:24:19', '2025-07-23 16:24:19'),
(12, 'First12', 'Last12', 'user12@example.com', '9999900012', 'Address 12', '2025-07-23 16:24:19', '2025-07-23 16:24:19'),
(13, 'First13', 'Last13', 'user13@example.com', '9999900013', 'Address 13', '2025-07-23 16:24:19', '2025-07-23 16:24:19'),
(14, 'First14', 'Last14', 'user14@example.com', '9999900014', 'Address 14', '2025-07-23 16:24:19', '2025-07-23 16:24:19'),
(15, 'First15', 'Last15', 'user15@example.com', '9999900015', 'Address 15', '2025-07-23 16:24:19', '2025-07-23 16:24:19'),
(16, 'First16', 'Last16', 'user16@example.com', '9999900016', 'Address 16', '2025-07-23 16:24:19', '2025-07-23 16:24:19'),
(17, 'First17', 'Last17', 'user17@example.com', '9999900017', 'Address 17', '2025-07-23 16:24:19', '2025-07-23 16:24:19'),
(18, 'First18', 'Last18', 'user18@example.com', '9999900018', 'Address 18', '2025-07-23 16:24:19', '2025-07-23 16:24:19'),
(19, 'First19', 'Last19', 'user19@example.com', '9999900019', 'Address 19', '2025-07-23 16:24:19', '2025-07-23 16:24:19'),
(20, 'First20', 'Last20', 'user20@example.com', '9999900020', 'Address 20', '2025-07-23 16:24:19', '2025-07-23 16:24:19'),
(21, 'First21', 'Last21', 'user21@example.com', '9999900021', 'Address 21', '2025-07-23 16:24:19', '2025-07-23 16:24:19'),
(22, 'First22', 'Last22', 'user22@example.com', '9999900022', 'Address 22', '2025-07-23 16:24:19', '2025-07-23 16:24:19'),
(23, 'First23', 'Last23', 'user23@example.com', '9999900023', 'Address 23', '2025-07-23 16:24:19', '2025-07-23 16:24:19'),
(24, 'First24', 'Last24', 'user24@example.com', '9999900024', 'Address 24', '2025-07-23 16:24:19', '2025-07-23 16:24:19'),
(25, 'First25', 'Last25', 'user25@example.com', '9999900025', 'Address 25', '2025-07-23 16:24:19', '2025-07-23 16:24:19'),
(26, 'First26', 'Last26', 'user26@example.com', '9999900026', 'Address 26', '2025-07-23 16:24:19', '2025-07-23 16:24:19'),
(27, 'First27', 'Last27', 'user27@example.com', '9999900027', 'Address 27', '2025-07-23 16:24:19', '2025-07-23 16:24:19'),
(28, 'First28', 'Last28', 'user28@example.com', '9999900028', 'Address 28', '2025-07-23 16:24:19', '2025-07-23 16:24:19'),
(29, 'First29', 'Last29', 'user29@example.com', '9999900029', 'Address 29', '2025-07-23 16:24:19', '2025-07-23 16:24:19'),
(30, 'First30', 'Last30', 'user30@example.com', '9999900030', 'Address 30', '2025-07-23 16:24:19', '2025-07-23 16:24:19'),
(31, 'First31', 'Last31', 'user31@example.com', '9999900031', 'Address 31', '2025-07-23 16:24:19', '2025-07-23 16:24:19'),
(32, 'First32', 'Last32', 'user32@example.com', '9999900032', 'Address 32', '2025-07-23 16:24:19', '2025-07-23 16:24:19'),
(33, 'First33', 'Last33', 'user33@example.com', '9999900033', 'Address 33', '2025-07-23 16:24:19', '2025-07-23 16:24:19'),
(34, 'First34', 'Last34', 'user34@example.com', '9999900034', 'Address 34', '2025-07-23 16:24:19', '2025-07-23 16:24:19'),
(35, 'First35', 'Last35', 'user35@example.com', '9999900035', 'Address 35', '2025-07-23 16:24:19', '2025-07-23 16:24:19'),
(36, 'First36', 'Last36', 'user36@example.com', '9999900036', 'Address 36', '2025-07-23 16:24:19', '2025-07-23 16:24:19'),
(37, 'First37', 'Last37', 'user37@example.com', '9999900037', 'Address 37', '2025-07-23 16:24:19', '2025-07-23 16:24:19'),
(38, 'First38', 'Last38', 'user38@example.com', '9999900038', 'Address 38', '2025-07-23 16:24:19', '2025-07-23 16:24:19'),
(39, 'First39', 'Last39', 'user39@example.com', '9999900039', 'Address 39', '2025-07-23 16:24:19', '2025-07-23 16:24:19'),
(40, 'First40', 'Last40', 'user40@example.com', '9999900040', 'Address 40', '2025-07-23 16:24:19', '2025-07-23 16:24:19'),
(41, 'First41', 'Last41', 'user41@example.com', '9999900041', 'Address 41', '2025-07-23 16:24:19', '2025-07-23 16:24:19'),
(42, 'First42', 'Last42', 'user42@example.com', '9999900042', 'Address 42', '2025-07-23 16:24:19', '2025-07-23 16:24:19'),
(43, 'First43', 'Last43', 'user43@example.com', '9999900043', 'Address 43', '2025-07-23 16:24:19', '2025-07-23 16:24:19'),
(44, 'First44', 'Last44', 'user44@example.com', '9999900044', 'Address 44', '2025-07-23 16:24:19', '2025-07-23 16:24:19'),
(45, 'First45', 'Last45', 'user45@example.com', '9999900045', 'Address 45', '2025-07-23 16:24:19', '2025-07-23 16:24:19'),
(46, 'First46', 'Last46', 'user46@example.com', '9999900046', 'Address 46', '2025-07-23 16:24:19', '2025-07-23 16:24:19'),
(47, 'First47', 'Last47', 'user47@example.com', '9999900047', 'Address 47', '2025-07-23 16:24:19', '2025-07-23 16:24:19'),
(48, 'First48', 'Last48', 'user48@example.com', '9999900048', 'Address 48', '2025-07-23 16:24:19', '2025-07-23 16:24:19'),
(49, 'First49', 'Last49', 'user49@example.com', '9999900049', 'Address 49', '2025-07-23 16:24:19', '2025-07-23 16:24:19'),
(50, 'First50', 'Last50', 'user50@example.com', '9999900050', 'Address 50', '2025-07-23 16:24:19', '2025-07-23 16:24:19');

-- Table structure for table `products`
DROP TABLE IF EXISTS products;
CREATE TABLE products (
  product_id INTEGER PRIMARY KEY AUTOINCREMENT,
  name VARCHAR(100) NOT NULL,
  description TEXT,
  price DECIMAL(10,2) NOT NULL,
  stock_quantity INTEGER NOT NULL,
  created_at TEXT DEFAULT CURRENT_TIMESTAMP,
  updated_at TEXT DEFAULT CURRENT_TIMESTAMP
);

-- Insert 50 records into `products`
INSERT INTO products (product_id, name, description, price, stock_quantity, created_at, updated_at) VALUES
(1, 'Product 1', 'Description for product 1', 117.44, 12, '2025-07-23 16:24:20', '2025-07-23 16:24:20'),
(2, 'Product 2', 'Description for product 2', 528.66, 16, '2025-07-23 16:24:20', '2025-07-23 16:24:20'),
(3, 'Product 3', 'Description for product 3', 297.61, 72, '2025-07-23 16:24:20', '2025-07-23 16:24:20'),
(4, 'Product 4', 'Description for product 4', 662.30, 65, '2025-07-23 16:24:20', '2025-07-23 16:24:20'),
(5, 'Product 5', 'Description for product 5', 652.88, 62, '2025-07-23 16:24:20', '2025-07-23 16:24:20'),
(6, 'Product 6', 'Description for product 6', 360.81, 15, '2025-07-23 16:24:20', '2025-07-23 16:24:20'),
(7, 'Product 7', 'Description for product 7', 111.98, 2, '2025-07-23 16:24:20', '2025-07-23 16:24:20'),
(8, 'Product 8', 'Description for product 8', 513.60, 88, '2025-07-23 16:24:20', '2025-07-23 16:24:20'),
(9, 'Product 9', 'Description for product 9', 539.92, 36, '2025-07-23 16:24:20', '2025-07-23 16:24:20'),
(10, 'Product 10', 'Description for product 10', 654.07, 54, '2025-07-23 16:24:20', '2025-07-23 16:24:20'),
(11, 'Product 11', 'Description for product 11', 470.83, 44, '2025-07-23 16:24:20', '2025-07-23 16:24:20'),
(12, 'Product 12', 'Description for product 12', 824.40, 7, '2025-07-23 16:24:20', '2025-07-23 16:24:20'),
(13, 'Product 13', 'Description for product 13', 482.45, 65, '2025-07-23 16:24:20', '2025-07-23 16:24:20'),
(14, 'Product 14', 'Description for product 14', 159.03, 56, '2025-07-23 16:24:20', '2025-07-23 16:24:20'),
(15, 'Product 15', 'Description for product 15', 645.28, 26, '2025-07-23 16:24:20', '2025-07-23 16:24:20'),
(16, 'Product 16', 'Description for product 16', 814.39, 20, '2025-07-23 16:24:20', '2025-07-23 16:24:20'),
(17, 'Product 17', 'Description for product 17', 150.63, 85, '2025-07-23 16:24:20', '2025-07-23 16:24:20'),
(18, 'Product 18', 'Description for product 18', 566.15, 66, '2025-07-23 16:24:20', '2025-07-23 16:24:20'),
(19, 'Product 19', 'Description for product 19', 803.76, 57, '2025-07-23 16:24:20', '2025-07-23 16:24:20'),
(20, 'Product 20', 'Description for product 20', 774.11, 66, '2025-07-23 16:24:20', '2025-07-23 16:24:20'),
(21, 'Product 21', 'Description for product 21', 182.23, 95, '2025-07-23 16:24:20', '2025-07-23 16:24:20'),
(22, 'Product 22', 'Description for product 22', 929.06, 38, '2025-07-23 16:24:20', '2025-07-23 16:24:20'),
(23, 'Product 23', 'Description for product 23', 475.54, 22, '2025-07-23 16:24:20', '2025-07-23 16:24:20'),
(24, 'Product 24', 'Description for product 24', 553.02, 39, '2025-07-23 16:24:20', '2025-07-23 16:24:20'),
(25, 'Product 25', 'Description for product 25', 128.36, 66, '2025-07-23 16:24:20', '2025-07-23 16:24:20'),
(26, 'Product 26', 'Description for product 26', 655.49, 73, '2025-07-23 16:24:20', '2025-07-23 16:24:20'),
(27, 'Product 27', 'Description for product 27', 830.12, 49, '2025-07-23 16:24:20', '2025-07-23 16:24:20'),
(28, 'Product 28', 'Description for product 28', 680.17, 65, '2025-07-23 16:24:20', '2025-07-23 16:24:20'),
(29, 'Product 29', 'Description for product 29', 705.73, 92, '2025-07-23 16:24:20', '2025-07-23 16:24:20'),
(30, 'Product 30', 'Description for product 30', 830.65, 57, '2025-07-23 16:24:20', '2025-07-23 16:24:20'),
(31, 'Product 31', 'Description for product 31', 828.62, 39, '2025-07-23 16:24:20', '2025-07-23 16:24:20'),
(32, 'Product 32', 'Description for product 32', 354.41, 75, '2025-07-23 16:24:20', '2025-07-23 16:24:20'),
(33, 'Product 33', 'Description for product 33', 529.58, 23, '2025-07-23 16:24:20', '2025-07-23 16:24:20'),
(34, 'Product 34', 'Description for product 34', 292.11, 76, '2025-07-23 16:24:20', '2025-07-23 16:24:20'),
(35, 'Product 35', 'Description for product 35', 346.82, 75, '2025-07-23 16:24:20', '2025-07-23 16:24:20'),
(36, 'Product 36', 'Description for product 36', 225.18, 54, '2025-07-23 16:24:20', '2025-07-23 16:24:20'),
(37, 'Product 37', 'Description for product 37', 230.78, 68, '2025-07-23 16:24:20', '2025-07-23 16:24:20'),
(38, 'Product 38', 'Description for product 38', 915.90, 35, '2025-07-23 16:24:20', '2025-07-23 16:24:20'),
(39, 'Product 39', 'Description for product 39', 662.36, 91, '2025-07-23 16:24:20', '2025-07-23 16:24:20'),
(40, 'Product 40', 'Description for product 40', 614.81, 38, '2025-07-23 16:24:20', '2025-07-23 16:24:20'),
(41, 'Product 41', 'Description for product 41', 167.77, 68, '2025-07-23 16:24:20', '2025-07-23 16:24:20'),
(42, 'Product 42', 'Description for product 42', 676.13, 23, '2025-07-23 16:24:20', '2025-07-23 16:24:20'),
(43, 'Product 43', 'Description for product 43', 503.25, 73, '2025-07-23 16:24:20', '2025-07-23 16:24:20'),
(44, 'Product 44', 'Description for product 44', 896.62, 46, '2025-07-23 16:24:20', '2025-07-23 16:24:20'),
(45, 'Product 45', 'Description for product 45', 135.43, 93, '2025-07-23 16:24:20', '2025-07-23 16:24:20'),
(46, 'Product 46', 'Description for product 46', 479.06, 28, '2025-07-23 16:24:20', '2025-07-23 16:24:20'),
(47, 'Product 47', 'Description for product 47', 524.22, 45, '2025-07-23 16:24:20', '2025-07-23 16:24:20'),
(48, 'Product 48', 'Description for product 48', 121.62, 18, '2025-07-23 16:24:20', '2025-07-23 16:24:20'),
(49, 'Product 49', 'Description for product 49', 695.01, 22, '2025-07-23 16:24:20', '2025-07-23 16:24:20'),
(50, 'Product 50', 'Description for product 50', 359.54, 54, '2025-07-23 16:24:20', '2025-07-23 16:24:20');

-- Table structure for table `orders`
DROP TABLE IF EXISTS orders;
CREATE TABLE orders (
  order_id INTEGER PRIMARY KEY AUTOINCREMENT,
  customer_id INTEGER NOT NULL,
  order_date TEXT NOT NULL,
  status VARCHAR(20) NOT NULL DEFAULT 'pending',
  total_amount DECIMAL(10,2) NOT NULL,
  shipping_address VARCHAR(255),
  created_at TEXT DEFAULT CURRENT_TIMESTAMP,
  updated_at TEXT DEFAULT CURRENT_TIMESTAMP,
  FOREIGN KEY (customer_id) REFERENCES customers(customer_id)
);

-- Insert 50 records into `orders`
INSERT INTO orders (order_id, customer_id, order_date, status, total_amount, shipping_address, created_at, updated_at) VALUES
(1, 1, '2025-07-23', 'delivered', 1234.50, 'Address 1', '2025-07-23 16:24:20', '2025-07-23 16:24:20'),
(2, 2, '2025-07-23', 'shipped', 856.32, 'Address 2', '2025-07-23 16:24:20', '2025-07-23 16:24:20'),
(3, 3, '2025-07-23', 'pending', 674.28, 'Address 3', '2025-07-23 16:24:20', '2025-07-23 16:24:20'),
(4, 4, '2025-07-23', 'delivered', 1456.89, 'Address 4', '2025-07-23 16:24:20', '2025-07-23 16:24:20'),
(5, 5, '2025-07-23', 'shipped', 923.76, 'Address 5', '2025-07-23 16:24:20', '2025-07-23 16:24:20'),
(6, 6, '2025-07-23', 'pending', 567.45, 'Address 6', '2025-07-23 16:24:20', '2025-07-23 16:24:20'),
(7, 7, '2025-07-23', 'delivered', 789.12, 'Address 7', '2025-07-23 16:24:20', '2025-07-23 16:24:20'),
(8, 8, '2025-07-23', 'shipped', 1345.67, 'Address 8', '2025-07-23 16:24:20', '2025-07-23 16:24:20'),
(9, 9, '2025-07-23', 'pending', 432.98, 'Address 9', '2025-07-23 16:24:20', '2025-07-23 16:24:20'),
(10, 10, '2025-07-23', 'delivered', 876.54, 'Address 10', '2025-07-23 16:24:20', '2025-07-23 16:24:20'),
(11, 11, '2025-07-23', 'shipped', 1123.45, 'Address 11', '2025-07-23 16:24:20', '2025-07-23 16:24:20'),
(12, 12, '2025-07-23', 'pending', 698.76, 'Address 12', '2025-07-23 16:24:20', '2025-07-23 16:24:20'),
(13, 13, '2025-07-23', 'delivered', 1567.89, 'Address 13', '2025-07-23 16:24:20', '2025-07-23 16:24:20'),
(14, 14, '2025-07-23', 'shipped', 345.67, 'Address 14', '2025-07-23 16:24:20', '2025-07-23 16:24:20'),
(15, 15, '2025-07-23', 'pending', 987.45, 'Address 15', '2025-07-23 16:24:20', '2025-07-23 16:24:20'),
(16, 16, '2025-07-23', 'delivered', 756.32, 'Address 16', '2025-07-23 16:24:20', '2025-07-23 16:24:20'),
(17, 17, '2025-07-23', 'shipped', 1234.98, 'Address 17', '2025-07-23 16:24:20', '2025-07-23 16:24:20'),
(18, 18, '2025-07-23', 'pending', 567.89, 'Address 18', '2025-07-23 16:24:20', '2025-07-23 16:24:20'),
(19, 19, '2025-07-23', 'delivered', 890.12, 'Address 19', '2025-07-23 16:24:20', '2025-07-23 16:24:20'),
(20, 20, '2025-07-23', 'shipped', 1456.78, 'Address 20', '2025-07-23 16:24:20', '2025-07-23 16:24:20'),
(21, 21, '2025-07-23', 'pending', 623.45, 'Address 21', '2025-07-23 16:24:20', '2025-07-23 16:24:20'),
(22, 22, '2025-07-23', 'delivered', 789.67, 'Address 22', '2025-07-23 16:24:20', '2025-07-23 16:24:20'),
(23, 23, '2025-07-23', 'shipped', 1098.54, 'Address 23', '2025-07-23 16:24:20', '2025-07-23 16:24:20'),
(24, 24, '2025-07-23', 'pending', 456.32, 'Address 24', '2025-07-23 16:24:20', '2025-07-23 16:24:20'),
(25, 25, '2025-07-23', 'delivered', 867.98, 'Address 25', '2025-07-23 16:24:20', '2025-07-23 16:24:20'),
(26, 26, '2025-07-23', 'shipped', 1345.76, 'Address 26', '2025-07-23 16:24:20', '2025-07-23 16:24:20'),
(27, 27, '2025-07-23', 'pending', 598.43, 'Address 27', '2025-07-23 16:24:20', '2025-07-23 16:24:20'),
(28, 28, '2025-07-23', 'delivered', 934.67, 'Address 28', '2025-07-23 16:24:20', '2025-07-23 16:24:20'),
(29, 29, '2025-07-23', 'shipped', 1267.89, 'Address 29', '2025-07-23 16:24:20', '2025-07-23 16:24:20'),
(30, 30, '2025-07-23', 'pending', 543.21, 'Address 30', '2025-07-23 16:24:20', '2025-07-23 16:24:20'),
(31, 31, '2025-07-23', 'delivered', 812.45, 'Address 31', '2025-07-23 16:24:20', '2025-07-23 16:24:20'),
(32, 32, '2025-07-23', 'shipped', 1189.67, 'Address 32', '2025-07-23 16:24:20', '2025-07-23 16:24:20'),
(33, 33, '2025-07-23', 'pending', 467.89, 'Address 33', '2025-07-23 16:24:20', '2025-07-23 16:24:20'),
(34, 34, '2025-07-23', 'delivered', 923.54, 'Address 34', '2025-07-23 16:24:20', '2025-07-23 16:24:20'),
(35, 35, '2025-07-23', 'shipped', 1356.78, 'Address 35', '2025-07-23 16:24:20', '2025-07-23 16:24:20'),
(36, 36, '2025-07-23', 'pending', 589.32, 'Address 36', '2025-07-23 16:24:20', '2025-07-23 16:24:20'),
(37, 37, '2025-07-23', 'delivered', 745.67, 'Address 37', '2025-07-23 16:24:20', '2025-07-23 16:24:20'),
(38, 38, '2025-07-23', 'shipped', 1278.45, 'Address 38', '2025-07-23 16:24:20', '2025-07-23 16:24:20'),
(39, 39, '2025-07-23', 'pending', 634.21, 'Address 39', '2025-07-23 16:24:20', '2025-07-23 16:24:20'),
(40, 40, '2025-07-23', 'delivered', 897.89, 'Address 40', '2025-07-23 16:24:20', '2025-07-23 16:24:20'),
(41, 41, '2025-07-23', 'shipped', 1145.32, 'Address 41', '2025-07-23 16:24:20', '2025-07-23 16:24:20'),
(42, 42, '2025-07-23', 'pending', 512.67, 'Address 42', '2025-07-23 16:24:20', '2025-07-23 16:24:20'),
(43, 43, '2025-07-23', 'delivered', 834.98, 'Address 43', '2025-07-23 16:24:20', '2025-07-23 16:24:20'),
(44, 44, '2025-07-23', 'shipped', 1298.76, 'Address 44', '2025-07-23 16:24:20', '2025-07-23 16:24:20'),
(45, 45, '2025-07-23', 'pending', 567.43, 'Address 45', '2025-07-23 16:24:20', '2025-07-23 16:24:20'),
(46, 46, '2025-07-23', 'delivered', 789.54, 'Address 46', '2025-07-23 16:24:20', '2025-07-23 16:24:20'),
(47, 47, '2025-07-23', 'shipped', 1167.89, 'Address 47', '2025-07-23 16:24:20', '2025-07-23 16:24:20'),
(48, 48, '2025-07-23', 'pending', 445.32, 'Address 48', '2025-07-23 16:24:20', '2025-07-23 16:24:20'),
(49, 49, '2025-07-23', 'delivered', 856.78, 'Address 49', '2025-07-23 16:24:20', '2025-07-23 16:24:20'),
(50, 50, '2025-07-23', 'shipped', 1234.56, 'Address 50', '2025-07-23 16:24:20', '2025-07-23 16:24:20');

-- Table structure for table `order_items`
DROP TABLE IF EXISTS order_items;
CREATE TABLE order_items (
  item_id INTEGER PRIMARY KEY AUTOINCREMENT,
  order_id INTEGER NOT NULL,
  product_id INTEGER NOT NULL,
  quantity INTEGER NOT NULL,
  unit_price DECIMAL(10,2) NOT NULL,
  total_price DECIMAL(10,2) NOT NULL,
  created_at TEXT DEFAULT CURRENT_TIMESTAMP,
  updated_at TEXT DEFAULT CURRENT_TIMESTAMP,
  FOREIGN KEY (order_id) REFERENCES orders(order_id),
  FOREIGN KEY (product_id) REFERENCES products(product_id)
);

-- Insert 50 records into `order_items`
INSERT INTO order_items (item_id, order_id, product_id, quantity, unit_price, total_price, created_at, updated_at) VALUES
(1, 1, 1, 2, 117.44, 234.88, '2025-07-23 16:24:20', '2025-07-23 16:24:20'),
(2, 1, 3, 3, 297.61, 892.83, '2025-07-23 16:24:20', '2025-07-23 16:24:20'),
(3, 2, 2, 1, 528.66, 528.66, '2025-07-23 16:24:20', '2025-07-23 16:24:20'),
(4, 2, 5, 1, 652.88, 652.88, '2025-07-23 16:24:20', '2025-07-23 16:24:20'),
(5, 3, 4, 1, 662.30, 662.30, '2025-07-23 16:24:20', '2025-07-23 16:24:20'),
(6, 4, 6, 2, 360.81, 721.62, '2025-07-23 16:24:20', '2025-07-23 16:24:20'),
(7, 4, 8, 1, 513.60, 513.60, '2025-07-23 16:24:20', '2025-07-23 16:24:20'),
(8, 5, 7, 3, 111.98, 335.94, '2025-07-23 16:24:20', '2025-07-23 16:24:20'),
(9, 5, 9, 1, 539.92, 539.92, '2025-07-23 16:24:20', '2025-07-23 16:24:20'),
(10, 6, 10, 1, 654.07, 654.07, '2025-07-23 16:24:20', '2025-07-23 16:24:20'),
(11, 7, 11, 2, 470.83, 941.66, '2025-07-23 16:24:20', '2025-07-23 16:24:20'),
(12, 8, 12, 1, 824.40, 824.40, '2025-07-23 16:24:20', '2025-07-23 16:24:20'),
(13, 8, 13, 1, 482.45, 482.45, '2025-07-23 16:24:20', '2025-07-23 16:24:20'),
(14, 9, 14, 2, 159.03, 318.06, '2025-07-23 16:24:20', '2025-07-23 16:24:20'),
(15, 10, 15, 1, 645.28, 645.28, '2025-07-23 16:24:20', '2025-07-23 16:24:20'),
(16, 10, 17, 1, 150.63, 150.63, '2025-07-23 16:24:20', '2025-07-23 16:24:20'),
(17, 11, 16, 1, 814.39, 814.39, '2025-07-23 16:24:20', '2025-07-23 16:24:20'),
(18, 11, 18, 1, 566.15, 566.15, '2025-07-23 16:24:20', '2025-07-23 16:24:20'),
(19, 12, 19, 1, 803.76, 803.76, '2025-07-23 16:24:20', '2025-07-23 16:24:20'),
(20, 13, 20, 2, 774.11, 1548.22, '2025-07-23 16:24:20', '2025-07-23 16:24:20'),
(21, 14, 21, 1, 182.23, 182.23, '2025-07-23 16:24:20', '2025-07-23 16:24:20'),
(22, 15, 22, 1, 929.06, 929.06, '2025-07-23 16:24:20', '2025-07-23 16:24:20'),
(23, 16, 23, 2, 475.54, 951.08, '2025-07-23 16:24:20', '2025-07-23 16:24:20'),
(24, 17, 24, 2, 553.02, 1106.04, '2025-07-23 16:24:20', '2025-07-23 16:24:20'),
(25, 17, 25, 1, 128.36, 128.36, '2025-07-23 16:24:20', '2025-07-23 16:24:20'),
(26, 18, 26, 1, 655.49, 655.49, '2025-07-23 16:24:20', '2025-07-23 16:24:20'),
(27, 19, 27, 1, 830.12, 830.12, '2025-07-23 16:24:20', '2025-07-23 16:24:20'),
(28, 20, 28, 2, 680.17, 1360.34, '2025-07-23 16:24:20', '2025-07-23 16:24:20'),
(29, 21, 29, 1, 705.73, 705.73, '2025-07-23 16:24:20', '2025-07-23 16:24:20'),
(30, 22, 30, 1, 830.65, 830.65, '2025-07-23 16:24:20', '2025-07-23 16:24:20'),
(31, 23, 31, 1, 828.62, 828.62, '2025-07-23 16:24:20', '2025-07-23 16:24:20'),
(32, 23, 32, 1, 354.41, 354.41, '2025-07-23 16:24:20', '2025-07-23 16:24:20'),
(33, 24, 33, 1, 529.58, 529.58, '2025-07-23 16:24:20', '2025-07-23 16:24:20'),
(34, 25, 34, 3, 292.11, 876.33, '2025-07-23 16:24:20', '2025-07-23 16:24:20'),
(35, 26, 35, 4, 346.82, 1387.28, '2025-07-23 16:24:20', '2025-07-23 16:24:20'),
(36, 27, 36, 2, 225.18, 450.36, '2025-07-23 16:24:20', '2025-07-23 16:24:20'),
(37, 28, 37, 3, 230.78, 692.34, '2025-07-23 16:24:20', '2025-07-23 16:24:20'),
(38, 28, 38, 1, 915.90, 915.90, '2025-07-23 16:24:20', '2025-07-23 16:24:20'),
(39, 29, 39, 2, 662.36, 1324.72, '2025-07-23 16:24:20', '2025-07-23 16:24:20'),
(40, 30, 40, 1, 614.81, 614.81, '2025-07-23 16:24:20', '2025-07-23 16:24:20'),
(41, 31, 41, 5, 167.77, 838.85, '2025-07-23 16:24:20', '2025-07-23 16:24:20'),
(42, 32, 42, 2, 676.13, 1352.26, '2025-07-23 16:24:20', '2025-07-23 16:24:20'),
(43, 33, 43, 1, 503.25, 503.25, '2025-07-23 16:24:20', '2025-07-23 16:24:20'),
(44, 34, 44, 1, 896.62, 896.62, '2025-07-23 16:24:20', '2025-07-23 16:24:20'),
(45, 35, 45, 10, 135.43, 1354.30, '2025-07-23 16:24:20', '2025-07-23 16:24:20'),
(46, 36, 46, 1, 479.06, 479.06, '2025-07-23 16:24:20', '2025-07-23 16:24:20'),
(47, 37, 47, 1, 524.22, 524.22, '2025-07-23 16:24:20', '2025-07-23 16:24:20'),
(48, 38, 48, 6, 121.62, 729.72, '2025-07-23 16:24:20', '2025-07-23 16:24:20'),
(49, 39, 49, 1, 695.01, 695.01, '2025-07-23 16:24:20', '2025-07-23 16:24:20'),
(50, 40, 50, 2, 359.54, 719.08, '2025-07-23 16:24:20', '2025-07-23 16:24:20');